{"cameraMode":{"drawMode":0,"name":"Shaded","section":"Shading Mode"},"sceneLighting":true,"audioPlay":false,"sceneViewState":{"showFog":false,"showMaterialUpdate":false,"showSkybox":false,"showFlares":false,"showImageEffects":false,"showParticleSystems":false},"in2DMode":false,"pivot":{"x":-8.297386169433594,"y":3.3746674060821535,"z":1.4651662111282349},"rotation":{"x":0.08185403048992157,"y":0.45843327045440676,"z":-0.03513873741030693,"w":0.8842534422874451},"size":5.946501731872559,"orthographic":false}