{"cameraMode":{"drawMode":0,"name":"Shaded","section":"Shading Mode"},"sceneLighting":false,"audioPlay":false,"sceneViewState":{"showFog":true,"showMaterialUpdate":false,"showSkybox":true,"showFlares":true,"showImageEffects":true,"showParticleSystems":true},"in2DMode":false,"pivot":{"x":0.28317224979400637,"y":0.10993143171072006,"z":1.5222182273864747},"rotation":{"x":-0.17732231318950654,"y":-0.42723777890205386,"z":0.08585388958454132,"w":-0.8824136853218079},"size":1.9929816722869874,"orthographic":false}