{"cameraMode":{"drawMode":0,"name":"Shaded","section":"Shading Mode"},"sceneLighting":false,"audioPlay":false,"sceneViewState":{"showFog":false,"showMaterialUpdate":false,"showSkybox":false,"showFlares":false,"showImageEffects":false,"showParticleSystems":false},"in2DMode":false,"pivot":{"x":17.128061294555665,"y":3.346972942352295,"z":0.5433376431465149},"rotation":{"x":0.09370012581348419,"y":-0.6796267032623291,"z":0.08818093687295914,"w":0.7221855521202087},"size":3.777022361755371,"orthographic":false}